{
  "generated_at": "2026-06-12T11:30:24.808679+00:00",
  "min_pp_threshold": 0.3,
  "top_movers_up": [
    {
      "team": "Spain",
      "static": 0.24611999999999998,
      "live": 0.25124,
      "delta_pp": 0.5120000000000041
    },
    {
      "team": "Mexico",
      "static": 0.01572,
      "live": 0.01904,
      "delta_pp": 0.332
    }
  ],
  "top_movers_down": [
    {
      "team": "Argentina",
      "static": 0.18812,
      "live": 0.18112,
      "delta_pp": -0.7000000000000006
    }
  ],
  "all_movers": [
    {
      "team": "Argentina",
      "static": 0.18812,
      "live": 0.18112,
      "delta_pp": -0.7000000000000006
    },
    {
      "team": "Spain",
      "static": 0.24611999999999998,
      "live": 0.25124,
      "delta_pp": 0.5120000000000041
    },
    {
      "team": "Mexico",
      "static": 0.01572,
      "live": 0.01904,
      "delta_pp": 0.332
    }
  ]
}