{
  "generated_at": "2026-06-13T02:47:29.839254+00:00",
  "min_pp_threshold": 0.3,
  "top_movers_up": [
    {
      "team": "Mexico",
      "static": 0.01572,
      "live": 0.0198,
      "delta_pp": 0.40800000000000003
    }
  ],
  "top_movers_down": [
    {
      "team": "England",
      "static": 0.06792000000000001,
      "live": 0.06436,
      "delta_pp": -0.35600000000000076
    }
  ],
  "all_movers": [
    {
      "team": "Mexico",
      "static": 0.01572,
      "live": 0.0198,
      "delta_pp": 0.40800000000000003
    },
    {
      "team": "England",
      "static": 0.06792000000000001,
      "live": 0.06436,
      "delta_pp": -0.35600000000000076
    }
  ]
}