{
  "generated_at": "2026-06-12T01:00:05.848077+00:00",
  "min_pp_threshold": 0.3,
  "top_movers_up": [
    {
      "team": "Mexico",
      "static": 0.015000000000000003,
      "live": 0.020479999999999998,
      "delta_pp": 0.5479999999999995
    }
  ],
  "top_movers_down": [
    {
      "team": "Brazil",
      "static": 0.053360000000000005,
      "live": 0.04736,
      "delta_pp": -0.6000000000000005
    }
  ],
  "all_movers": [
    {
      "team": "Brazil",
      "static": 0.053360000000000005,
      "live": 0.04736,
      "delta_pp": -0.6000000000000005
    },
    {
      "team": "Mexico",
      "static": 0.015000000000000003,
      "live": 0.020479999999999998,
      "delta_pp": 0.5479999999999995
    }
  ]
}