{
  "generated_at": "2026-06-11T23:04:36.171703+00:00",
  "min_pp_threshold": 0.5,
  "top_movers_up": [
    {
      "team": "Argentina",
      "static": 0.18316,
      "live": 0.19233333333333333,
      "delta_pp": 0.9173333333333339
    }
  ],
  "top_movers_down": [
    {
      "team": "Spain",
      "static": 0.25451999999999997,
      "live": 0.246,
      "delta_pp": -0.8519999999999972
    },
    {
      "team": "Brazil",
      "static": 0.053360000000000005,
      "live": 0.04611111111111111,
      "delta_pp": -0.7248888888888895
    }
  ],
  "all_movers": [
    {
      "team": "Argentina",
      "static": 0.18316,
      "live": 0.19233333333333333,
      "delta_pp": 0.9173333333333339
    },
    {
      "team": "Spain",
      "static": 0.25451999999999997,
      "live": 0.246,
      "delta_pp": -0.8519999999999972
    },
    {
      "team": "Brazil",
      "static": 0.053360000000000005,
      "live": 0.04611111111111111,
      "delta_pp": -0.7248888888888895
    }
  ]
}