{
  "generated_at": "2026-06-13T13:00:42.495544+00:00",
  "min_pp_threshold": 0.3,
  "top_movers_up": [
    {
      "team": "Spain",
      "static": 0.24855999999999998,
      "live": 0.2564,
      "delta_pp": 0.7840000000000041
    },
    {
      "team": "Mexico",
      "static": 0.01628,
      "live": 0.0216,
      "delta_pp": 0.5320000000000001
    }
  ],
  "top_movers_down": [],
  "all_movers": [
    {
      "team": "Spain",
      "static": 0.24855999999999998,
      "live": 0.2564,
      "delta_pp": 0.7840000000000041
    },
    {
      "team": "Mexico",
      "static": 0.01628,
      "live": 0.0216,
      "delta_pp": 0.5320000000000001
    }
  ]
}