{
  "generated_at": "2026-06-13T08:47:54.774485+00:00",
  "min_pp_threshold": 0.3,
  "top_movers_up": [
    {
      "team": "Colombia",
      "static": 0.04632000000000001,
      "live": 0.050359999999999995,
      "delta_pp": 0.4039999999999988
    }
  ],
  "top_movers_down": [],
  "all_movers": [
    {
      "team": "Colombia",
      "static": 0.04632000000000001,
      "live": 0.050359999999999995,
      "delta_pp": 0.4039999999999988
    }
  ]
}