{
  "generated_at": "2026-06-12T16:27:32.698923+00:00",
  "min_pp_threshold": 0.3,
  "top_movers_up": [
    {
      "team": "Mexico",
      "static": 0.01572,
      "live": 0.021440000000000004,
      "delta_pp": 0.5720000000000003
    }
  ],
  "top_movers_down": [
    {
      "team": "England",
      "static": 0.06792000000000001,
      "live": 0.06235999999999999,
      "delta_pp": -0.5560000000000016
    },
    {
      "team": "Brazil",
      "static": 0.0526,
      "live": 0.04820000000000001,
      "delta_pp": -0.4399999999999994
    }
  ],
  "all_movers": [
    {
      "team": "Mexico",
      "static": 0.01572,
      "live": 0.021440000000000004,
      "delta_pp": 0.5720000000000003
    },
    {
      "team": "England",
      "static": 0.06792000000000001,
      "live": 0.06235999999999999,
      "delta_pp": -0.5560000000000016
    },
    {
      "team": "Brazil",
      "static": 0.0526,
      "live": 0.04820000000000001,
      "delta_pp": -0.4399999999999994
    }
  ]
}