{
  "generated_at": "2026-06-12T08:30:11.572045+00:00",
  "min_pp_threshold": 0.3,
  "top_movers_up": [
    {
      "team": "Mexico",
      "static": 0.015000000000000003,
      "live": 0.01988,
      "delta_pp": 0.48799999999999955
    }
  ],
  "top_movers_down": [],
  "all_movers": [
    {
      "team": "Mexico",
      "static": 0.015000000000000003,
      "live": 0.01988,
      "delta_pp": 0.48799999999999955
    }
  ]
}