{
  "generated_at": "2026-06-12T04:10:16.688239+00:00",
  "min_pp_threshold": 0.3,
  "top_movers_up": [
    {
      "team": "Argentina",
      "static": 0.18316,
      "live": 0.1874,
      "delta_pp": 0.42400000000000215
    },
    {
      "team": "Mexico",
      "static": 0.015000000000000003,
      "live": 0.01912,
      "delta_pp": 0.41199999999999987
    }
  ],
  "top_movers_down": [],
  "all_movers": [
    {
      "team": "Argentina",
      "static": 0.18316,
      "live": 0.1874,
      "delta_pp": 0.42400000000000215
    },
    {
      "team": "Mexico",
      "static": 0.015000000000000003,
      "live": 0.01912,
      "delta_pp": 0.41199999999999987
    }
  ]
}