{
  "generated_at": "2026-06-13T04:30:01.560458+00:00",
  "min_pp_threshold": 0.3,
  "top_movers_up": [
    {
      "team": "Spain",
      "static": 0.24611999999999998,
      "live": 0.24980000000000002,
      "delta_pp": 0.36800000000000443
    },
    {
      "team": "Mexico",
      "static": 0.01572,
      "live": 0.019119999999999998,
      "delta_pp": 0.3399999999999997
    }
  ],
  "top_movers_down": [
    {
      "team": "France",
      "static": 0.09152,
      "live": 0.0878,
      "delta_pp": -0.3720000000000001
    }
  ],
  "all_movers": [
    {
      "team": "France",
      "static": 0.09152,
      "live": 0.0878,
      "delta_pp": -0.3720000000000001
    },
    {
      "team": "Spain",
      "static": 0.24611999999999998,
      "live": 0.24980000000000002,
      "delta_pp": 0.36800000000000443
    },
    {
      "team": "Mexico",
      "static": 0.01572,
      "live": 0.019119999999999998,
      "delta_pp": 0.3399999999999997
    }
  ]
}