{
  "schema": "soft Elo delta per team since tournament start",
  "policy": {
    "K_tournament": 60,
    "max_per_match": 12.0,
    "max_total_group": 30.0,
    "max_per_knockout": 15.0
  },
  "n_processed": 29,
  "deltas": {
    "Mexico": 24.0,
    "South Africa": -0.4021218767171426,
    "South Korea": 0.0,
    "Czechia": -23.597878123282857,
    "Canada": 0.0,
    "Bosnia and Herzegovina": 0.0,
    "United States": 24.0,
    "Paraguay": -12.0,
    "Qatar": 0.0,
    "Switzerland": 0.0,
    "Brazil": -5.5630838012353045,
    "Morocco": 5.5630838012353045,
    "Haiti": -12.0,
    "Scotland": 12.0,
    "Australia": 0.0,
    "Turkey": -12.0,
    "Germany": 10.970959176650013,
    "Curacao": -10.970959176650013,
    "Netherlands": -1.6601349395104759,
    "Japan": 1.6601349395104759,
    "Ivory Coast": 12.0,
    "Ecuador": -12.0,
    "Sweden": 12.0,
    "Tunisia": -12.0,
    "Spain": -12.0,
    "Cape Verde": 12.0,
    "Belgium": -11.702946558058132,
    "Egypt": 11.702946558058132,
    "Saudi Arabia": 12.0,
    "Uruguay": -12.0,
    "Iran": -12.0,
    "New Zealand": 12.0,
    "France": 12.0,
    "Senegal": -12.0,
    "Iraq": -12.0,
    "Norway": 12.0,
    "Argentina": 12.0,
    "Algeria": -12.0,
    "Austria": 12.0,
    "Jordan": -12.0,
    "Portugal": -12.0,
    "DR Congo": 12.0,
    "England": 12.0,
    "Croatia": -12.0,
    "Ghana": 12.0,
    "Panama": -12.0,
    "Uzbekistan": -12.0,
    "Colombia": 12.0
  }
}