{
  "schema": "soft Elo delta per team since tournament start",
  "policy": {
    "K_tournament": 60,
    "max_per_match": 12.0,
    "max_total_group": 30.0,
    "max_per_knockout": 15.0
  },
  "n_processed": 14,
  "deltas": {
    "Mexico": 12.0,
    "South Africa": -12.0,
    "South Korea": 12.0,
    "Czechia": -12.0,
    "Canada": -12.0,
    "Bosnia and Herzegovina": 12.0,
    "United States": 12.0,
    "Paraguay": -12.0,
    "Qatar": 12.0,
    "Switzerland": -12.0,
    "Brazil": -5.5630838012353045,
    "Morocco": 5.5630838012353045,
    "Haiti": -12.0,
    "Scotland": 12.0,
    "Australia": 12.0,
    "Turkey": -12.0,
    "Germany": 10.970959176650013,
    "Curacao": -10.970959176650013,
    "Netherlands": -1.6601349395104759,
    "Japan": 1.6601349395104759,
    "Ivory Coast": 12.0,
    "Ecuador": -12.0,
    "Sweden": 12.0,
    "Tunisia": -12.0,
    "Spain": -12.0,
    "Cape Verde": 12.0,
    "Belgium": -11.702946558058132,
    "Egypt": 11.702946558058132
  }
}