{
  "home_poisson_deviance": 1.18524483328424,
  "away_poisson_deviance": 1.134486040101228,
  "implied_wdl_log_loss": 0.8688820630480556,
  "n_train": 27421,
  "n_test": 4839,
  "feature_importances_home": {
    "elo_diff": 0.49277710914611816,
    "def_form_away": 0.16632166504859924,
    "is_neutral": 0.043451547622680664,
    "pts_form_away": 0.0419929139316082,
    "importance": 0.038970593363046646,
    "elo_away": 0.03657039254903793,
    "att_form_home": 0.033170223236083984,
    "att_form_away": 0.028074968606233597,
    "def_form_home": 0.026836838573217392,
    "elo_home": 0.025103317573666573,
    "rest_away": 0.024631774052977562,
    "pts_form_home": 0.02419574372470379,
    "rest_home": 0.017902925610542297
  },
  "feature_importances_away": {
    "elo_diff": 0.4201178252696991,
    "def_form_home": 0.1655762940645218,
    "is_neutral": 0.1154833659529686,
    "importance": 0.04437275230884552,
    "pts_form_home": 0.03328358009457588,
    "att_form_away": 0.032810501754283905,
    "rest_home": 0.031248338520526886,
    "att_form_home": 0.0294187031686306,
    "elo_away": 0.028734298422932625,
    "pts_form_away": 0.026542259380221367,
    "def_form_away": 0.02461770735681057,
    "elo_home": 0.02391650900244713,
    "rest_away": 0.023877926170825958
  },
  "model_type": "Dixon-Coles-style XGBoost Poisson regressors (independent)"
}