{
  "home_poisson_deviance": 1.184950877646046,
  "away_poisson_deviance": 1.1339427792561678,
  "implied_wdl_log_loss": 0.8686395793811623,
  "n_train": 27421,
  "n_test": 4839,
  "feature_importances_home": {
    "elo_diff": 0.481965571641922,
    "def_form_away": 0.17502999305725098,
    "is_neutral": 0.04222757741808891,
    "pts_form_away": 0.041961655020713806,
    "importance": 0.04119991883635521,
    "elo_away": 0.03477727994322777,
    "att_form_home": 0.03148169815540314,
    "att_form_away": 0.02953517436981201,
    "def_form_home": 0.02690916508436203,
    "rest_away": 0.026791760697960854,
    "elo_home": 0.025959184393286705,
    "pts_form_home": 0.023239372298121452,
    "rest_home": 0.0189216211438179
  },
  "feature_importances_away": {
    "elo_diff": 0.43222907185554504,
    "def_form_home": 0.16389130055904388,
    "is_neutral": 0.11406247317790985,
    "importance": 0.043120305985212326,
    "att_form_away": 0.03225261718034744,
    "pts_form_home": 0.031984519213438034,
    "rest_home": 0.030186377465724945,
    "att_form_home": 0.028814947232604027,
    "elo_away": 0.02836555615067482,
    "pts_form_away": 0.026681413874030113,
    "def_form_away": 0.02415226213634014,
    "elo_home": 0.022422494366765022,
    "rest_away": 0.021836675703525543
  },
  "model_type": "Dixon-Coles-style XGBoost Poisson regressors (independent)"
}